{
  "HTTP Request-1" : {
    "transaction" : "HTTP Request-1",
    "sampleCount" : 100,
    "errorCount" : 0,
    "errorPct" : 0.0,
    "meanResTime" : 643.1099999999998,
    "medianResTime" : 475.5,
    "minResTime" : 405.0,
    "maxResTime" : 2306.0,
    "pct1ResTime" : 1291.200000000001,
    "pct2ResTime" : 1923.249999999998,
    "pct3ResTime" : 2305.3399999999997,
    "throughput" : 5.04719123807601,
    "receivedKBytesPerSec" : 1009.7339814768083,
    "sentKBytesPerSec" : 0.5963966209054662
  },
  "Total" : {
    "transaction" : "Total",
    "sampleCount" : 300,
    "errorCount" : 0,
    "errorPct" : 0.0,
    "meanResTime" : 523.2233333333331,
    "medianResTime" : 475.5,
    "minResTime" : 112.0,
    "maxResTime" : 2543.0,
    "pct1ResTime" : 893.000000000001,
    "pct2ResTime" : 1549.6999999999998,
    "pct3ResTime" : 2509.3600000000015,
    "throughput" : 14.932059130954158,
    "receivedKBytesPerSec" : 1998.08644106814,
    "sentKBytesPerSec" : 2.35257702453835
  },
  "HTTP Request-0" : {
    "transaction" : "HTTP Request-0",
    "sampleCount" : 100,
    "errorCount" : 0,
    "errorPct" : 0.0,
    "meanResTime" : 141.21000000000006,
    "medianResTime" : 128.5,
    "minResTime" : 112.0,
    "maxResTime" : 272.0,
    "pct1ResTime" : 183.70000000000002,
    "pct2ResTime" : 216.5999999999999,
    "pct3ResTime" : 272.0,
    "throughput" : 5.1101231539680105,
    "receivedKBytesPerSec" : 3.368489383719148,
    "sentKBytesPerSec" : 0.6038329117481731
  },
  "HTTP Request" : {
    "transaction" : "HTTP Request",
    "sampleCount" : 100,
    "errorCount" : 0,
    "errorPct" : 0.0,
    "meanResTime" : 785.3500000000003,
    "medianResTime" : 615.0,
    "minResTime" : 529.0,
    "maxResTime" : 2543.0,
    "pct1ResTime" : 1435.7000000000012,
    "pct2ResTime" : 2053.899999999998,
    "pct3ResTime" : 2542.75,
    "throughput" : 4.9773530436513855,
    "receivedKBytesPerSec" : 999.04322053407,
    "sentKBytesPerSec" : 1.176288512269175
  }
}