{
  "HTTP Request-1" : {
    "transaction" : "HTTP Request-1",
    "sampleCount" : 1000,
    "errorCount" : 0,
    "errorPct" : 0.0,
    "meanResTime" : 4541.036000000005,
    "medianResTime" : 3758.0,
    "minResTime" : 717.0,
    "maxResTime" : 16226.0,
    "pct1ResTime" : 9389.8,
    "pct2ResTime" : 10726.4,
    "pct3ResTime" : 13074.150000000001,
    "throughput" : 44.714720085852264,
    "receivedKBytesPerSec" : 8945.565504968923,
    "sentKBytesPerSec" : 5.283672978894652
  },
  "Total" : {
    "transaction" : "Total",
    "sampleCount" : 3000,
    "errorCount" : 0,
    "errorPct" : 0.0,
    "meanResTime" : 3331.681333333334,
    "medianResTime" : 2005.5,
    "minResTime" : 113.0,
    "maxResTime" : 16462.0,
    "pct1ResTime" : 8236.7,
    "pct2ResTime" : 10255.649999999998,
    "pct3ResTime" : 12556.669999999993,
    "throughput" : 132.80212483399734,
    "receivedKBytesPerSec" : 17770.500809262947,
    "sentKBytesPerSec" : 20.923251438689686
  },
  "HTTP Request-0" : {
    "transaction" : "HTTP Request-0",
    "sampleCount" : 1000,
    "errorCount" : 0,
    "errorPct" : 0.0,
    "meanResTime" : 455.7409999999999,
    "medianResTime" : 247.0,
    "minResTime" : 113.0,
    "maxResTime" : 5305.0,
    "pct1ResTime" : 1237.0,
    "pct2ResTime" : 1322.0,
    "pct3ResTime" : 2313.98,
    "throughput" : 48.1997397214055,
    "receivedKBytesPerSec" : 31.772289367137418,
    "sentKBytesPerSec" : 5.695477056923893
  },
  "HTTP Request" : {
    "transaction" : "HTTP Request",
    "sampleCount" : 1000,
    "errorCount" : 0,
    "errorPct" : 0.0,
    "meanResTime" : 4998.266999999992,
    "medianResTime" : 4187.5,
    "minResTime" : 1233.0,
    "maxResTime" : 16462.0,
    "pct1ResTime" : 9886.599999999999,
    "pct2ResTime" : 11109.0,
    "pct3ResTime" : 13389.81,
    "throughput" : 44.26737494466578,
    "receivedKBytesPerSec" : 8885.250404631473,
    "sentKBytesPerSec" : 10.461625719344843
  }
}