{
  "HTTP Request-1" : {
    "transaction" : "HTTP Request-1",
    "sampleCount" : 10,
    "errorCount" : 0,
    "errorPct" : 0.0,
    "meanResTime" : 603.8000000000001,
    "medianResTime" : 509.0,
    "minResTime" : 426.0,
    "maxResTime" : 1501.0,
    "pct1ResTime" : 1412.0000000000005,
    "pct2ResTime" : 1501.0,
    "pct3ResTime" : 1501.0,
    "throughput" : 0.5534646889528448,
    "receivedKBytesPerSec" : 110.72536736218728,
    "sentKBytesPerSec" : 0.06539963609696701
  },
  "Total" : {
    "transaction" : "Total",
    "sampleCount" : 30,
    "errorCount" : 0,
    "errorPct" : 0.0,
    "meanResTime" : 507.03333333333336,
    "medianResTime" : 509.0,
    "minResTime" : 125.0,
    "maxResTime" : 1698.0,
    "pct1ResTime" : 749.7,
    "pct2ResTime" : 1589.6499999999999,
    "pct3ResTime" : 1698.0,
    "throughput" : 1.6424856282507527,
    "receivedKBytesPerSec" : 219.78403880372295,
    "sentKBytesPerSec" : 0.25877703257596496
  },
  "HTTP Request-0" : {
    "transaction" : "HTTP Request-0",
    "sampleCount" : 10,
    "errorCount" : 0,
    "errorPct" : 0.0,
    "meanResTime" : 156.0,
    "medianResTime" : 146.5,
    "minResTime" : 125.0,
    "maxResTime" : 211.0,
    "pct1ResTime" : 209.20000000000002,
    "pct2ResTime" : 211.0,
    "pct3ResTime" : 211.0,
    "throughput" : 0.5615138413161884,
    "receivedKBytesPerSec" : 0.37013851844572965,
    "sentKBytesPerSec" : 0.06635075663990117
  },
  "HTTP Request" : {
    "transaction" : "HTTP Request",
    "sampleCount" : 10,
    "errorCount" : 0,
    "errorPct" : 0.0,
    "meanResTime" : 761.3,
    "medianResTime" : 665.5,
    "minResTime" : 557.0,
    "maxResTime" : 1698.0,
    "pct1ResTime" : 1603.2000000000003,
    "pct2ResTime" : 1698.0,
    "pct3ResTime" : 1698.0,
    "throughput" : 0.5474952094169175,
    "receivedKBytesPerSec" : 109.89201940186148,
    "sentKBytesPerSec" : 0.12938851628798248
  }
}